{
  "clean": {
    "accuracy": 0.5962962962962963,
    "f1_weighted": 0.5593947335823767,
    "report": {
      "contradictory": {
        "precision": 0.0,
        "recall": 0.0,
        "f1-score": 0.0,
        "support": 58.0
      },
      "correct": {
        "precision": 0.6372549019607843,
        "recall": 0.5579399141630901,
        "f1-score": 0.5949656750572082,
        "support": 233.0
      },
      "incorrect": {
        "precision": 0.5714285714285714,
        "recall": 0.7710843373493976,
        "f1-score": 0.6564102564102564,
        "support": 249.0
      },
      "accuracy": 0.5962962962962963,
      "macro avg": {
        "precision": 0.4028944911297852,
        "recall": 0.4430080838374959,
        "f1-score": 0.41712531048915485,
        "support": 540.0
      },
      "weighted avg": {
        "precision": 0.5384557526714389,
        "recall": 0.5962962962962963,
        "f1-score": 0.5593947335823767,
        "support": 540.0
      }
    }
  },
  "noisy_10": {
    "accuracy": 0.5203703703703704,
    "f1_weighted": 0.41729940527269965,
    "report": {
      "contradictory": {
        "precision": 0.0,
        "recall": 0.0,
        "f1-score": 0.0,
        "support": 58.0
      },
      "correct": {
        "precision": 0.8043478260869565,
        "recall": 0.15879828326180256,
        "f1-score": 0.26523297491039427,
        "support": 233.0
      },
      "incorrect": {
        "precision": 0.4939271255060729,
        "recall": 0.9799196787148594,
        "f1-score": 0.6567967698519516,
        "support": 249.0
      },
      "accuracy": 0.5203703703703704,
      "macro avg": {
        "precision": 0.4327583171976765,
        "recall": 0.3795726539922207,
        "f1-score": 0.30734324825411524,
        "support": 540.0
      },
      "weighted avg": {
        "precision": 0.5748164772764315,
        "recall": 0.5203703703703704,
        "f1-score": 0.41729940527269965,
        "support": 540.0
      }
    }
  },
  "noisy_20": {
    "accuracy": 0.4685185185185185,
    "f1_weighted": 0.310149545816998,
    "report": {
      "contradictory": {
        "precision": 0.0,
        "recall": 0.0,
        "f1-score": 0.0,
        "support": 58.0
      },
      "correct": {
        "precision": 0.8333333333333334,
        "recall": 0.02145922746781116,
        "f1-score": 0.04184100418410042,
        "support": 233.0
      },
      "incorrect": {
        "precision": 0.46441947565543074,
        "recall": 0.9959839357429718,
        "f1-score": 0.6334610472541508,
        "support": 249.0
      },
      "accuracy": 0.4685185185185185,
      "macro avg": {
        "precision": 0.43258426966292135,
        "recall": 0.339147721070261,
        "f1-score": 0.2251006838127504,
        "support": 540.0
      },
      "weighted avg": {
        "precision": 0.5737168816756832,
        "recall": 0.4685185185185185,
        "f1-score": 0.310149545816998,
        "support": 540.0
      }
    }
  },
  "noisy_30": {
    "accuracy": 0.46111111111111114,
    "f1_weighted": 0.29104351499788755,
    "report": {
      "contradictory": {
        "precision": 0.0,
        "recall": 0.0,
        "f1-score": 0.0,
        "support": 58.0
      },
      "correct": {
        "precision": 0.0,
        "recall": 0.0,
        "f1-score": 0.0,
        "support": 233.0
      },
      "incorrect": {
        "precision": 0.46111111111111114,
        "recall": 1.0,
        "f1-score": 0.6311787072243346,
        "support": 249.0
      },
      "accuracy": 0.46111111111111114,
      "macro avg": {
        "precision": 0.1537037037037037,
        "recall": 0.3333333333333333,
        "f1-score": 0.2103929024081115,
        "support": 540.0
      },
      "weighted avg": {
        "precision": 0.21262345679012348,
        "recall": 0.46111111111111114,
        "f1-score": 0.29104351499788755,
        "support": 540.0
      }
    }
  }
}